,meeting_count,found_unique_meeting_repeat,Source,Destination,Source_Names,Destination_Names,Primary_source_interactions,Primary_dest_interactions,Avg_dest_count,Avg_source_count,num_uniq_source,num_uniq_dest,combined_unique,total_entires,suspicious_indicator,mean_time_btwn,max_time_btwn,min_time_btwn,mean_rolling_diff,max_rolling_diff,min_rolling_diff,mean_rolling_window,max_rolling_window,min_rolling_window
0,10,True,1847246,2038003,Rosalia Larroque,Jenice Savaria,22,1,3.466666666666667,5.777777777777778,9,15,15,52,1,8 days 00:50:24.705882,51 days 01:16:21,0 days 00:00:00,36 days 13:48:54,128 days 06:08:40,2 days 00:00:00,3.5384615384615383,11.0,1.0
1,0,False,580766,2038138,Trevor Webb,Tyree Barreneche,29,1,2.13646288209607,1.9807692307692308,988,916,1864,1957,1,0 days 06:42:43.591002,3 days 03:41:54,0 days 00:00:00,1 days 09:36:27.037909,5 days 19:22:48,0 days 01:32:40,30.28717424629535,53.0,1.0
2,0,False,580766,2038138,Trevor Webb,Tyree Barreneche,37,1,2.106128550074738,2.0244252873563218,696,669,1335,1409,1,0 days 08:54:43.060369,3 days 01:02:57,0 days 00:00:00,1 days 20:37:09.688746,8 days 01:05:40,0 days 02:25:19,22.94180269694819,41.0,1.0
3,9,False,437025,2037766,Beth Wilensky,Gregory Russell,22,1,3.4242424242424243,4.52,25,33,49,113,1,4 days 17:08:12.580357,44 days 04:19:32,0 days 00:00:00,22 days 01:55:35.120370,67 days 20:44:34,2 days 00:00:00,3.769911504424779,10.0,1.0
4,7,False,437025,2037766,Beth Wilensky,Gregory Russell,12,1,5.615384615384615,8.11111111111111,9,13,15,73,1,4 days 04:58:49.583333,36 days 00:00:00,0 days 00:00:00,19 days 14:09:56.735294,89 days 13:26:03,2 days 00:00:00,4.027397260273973,9.0,1.0
5,0,False,695013,2037860,Laure Pelkey,Carlos Morris,11,1,4.4,5.5,4,5,5,22,1,23 days 17:51:25.714285,209 days 15:00:00,0 days 00:00:00,85 days 02:17:38.823529,217 days 15:00:00,14 days 00:00:00,1.6818181818181819,4.0,1.0
6,0,False,720233,2038031,Alpha Chessor,Kia Halonen,104,1,2.2253521126760565,2.507936507936508,63,71,127,158,1,2 days 14:09:28.904458,16 days 21:26:38,0 days 00:00:00,12 days 17:04:41.535947,34 days 04:55:19,1 days 22:23:47,4.170886075949367,10.0,1.0
7,0,False,720233,2038031,Alpha Chessor,Kia Halonen,89,1,2.462025316455696,2.454258675078864,317,316,559,778,1,0 days 11:41:39.348777,3 days 09:06:25,0 days 00:00:00,2 days 10:29:45.633893,6 days 09:39:36,0 days 05:52:45,17.493573264781492,31.0,1.0
